post,subreddit,community_type,age_hours,views,upvotes,comments,upvotes_per_1000_views,comments_per_1000_views,note
Willem Dafoe sketch,r/sketches,General Art,24,33000,213,99,6.5,3.0,
Willem Dafoe sketch,r/learntodraw,General Art,24,30000,133,49,4.4,1.6,
Willem Dafoe sketch,r/Sketch,General Art,24,14000,82,33,5.9,2.4,
The Son of Man sketch,r/sketches,General Art,19,2800,16,13,5.7,4.6,reading at 19 h
Will Graham sketch,r/learntodraw,General Art,24,1400,7,10,5.0,7.1,
Will Graham sketch,r/drawing,General Art,24,5900,5,29,0.8,4.9,
Angel Batista sketch,r/Dexter,Fandom,23.6,24000,608,46,25.3,1.9,
Childhood Pokémon drawings,r/pokemon,Fandom,24,25000,278,34,11.1,1.4,
Technoblade drawings,r/Minecraft,Fandom,24,11000,210,20,19.1,1.8,
Dexter sketch (Jan 16),r/Dexter,Fandom,23,21000,194,115,9.2,5.5,
Dexter sketch (Jan 15),r/Dexter,Fandom,16,9500,100,33,10.5,3.5,reading at 16 h; no later reading
Brian Moser sketch,r/Dexter,Fandom,23.5,6400,99,17,15.5,2.7,
Technoblade drawings,r/Technoblade,Fandom,26,1000,91,2,91.0,2.0,"age is about 26 h; views are about 1,000 (rounded)"
Will Graham sketch,r/HannibalTV,Fandom,24,776,14,2,18.0,2.6,
Clash Royale audio meme,r/ClashRoyale,Fandom,28,27100,187,48,6.9,1.8,reading at 28 h; there is no reading at 24 h
Mini Pekka sketch,r/NepalSocial,Regional/cultural,23,2700,64,34,23.7,12.6,
Nepalese nobility chart,r/Nepal,Regional/cultural,23,17000,54,29,3.2,1.7,
Nepalese nobility chart,r/NepalSocial,Regional/cultural,20,1900,11,3,5.8,1.6,reading at 20 h
Nepalese nobility chart,r/NepalPlusTwo,Regional/cultural,23,1200,9,20,7.5,16.7,
Nepalese nobility chart,r/SouthAsianAncestry,Regional/cultural,23,1300,5,2,3.8,1.5,
Nepalese nobility chart,r/UsefulCharts,Data/chart,23,4400,49,8,11.1,1.8,
Nepalese nobility chart,r/dataisbeautiful,Data/chart,22,13000,24,7,1.8,0.5,reading at 22 h
Nepalese nobility chart,r/charts,Data/chart,21,2400,5,1,2.1,0.4,reading at 21 h
Nepalese nobility chart,r/monarchism,Other,23,1600,14,8,8.8,5.0,
