post,subreddit,hours,metric,value,note
Childhood Pokémon drawings,r/pokemon,48,comments,36,about 2 days
Childhood Pokémon drawings,r/pokemon,0.98,upvotes,54,
Childhood Pokémon drawings,r/pokemon,1.1,upvotes,68,
Childhood Pokémon drawings,r/pokemon,2.1,upvotes,91,
Childhood Pokémon drawings,r/pokemon,2.25,upvotes,94,
Childhood Pokémon drawings,r/pokemon,3,upvotes,100,
Childhood Pokémon drawings,r/pokemon,12,upvotes,198,
Childhood Pokémon drawings,r/pokemon,22,upvotes,275,
Childhood Pokémon drawings,r/pokemon,24,upvotes,278,
Childhood Pokémon drawings,r/pokemon,48,upvotes,393,about 2 days
Childhood Pokémon drawings,r/pokemon,0.98,views,4700,
Childhood Pokémon drawings,r/pokemon,1.1,views,5300,
Childhood Pokémon drawings,r/pokemon,2.1,views,8100,
Childhood Pokémon drawings,r/pokemon,2.25,views,8500,
Childhood Pokémon drawings,r/pokemon,3,views,9000,
Childhood Pokémon drawings,r/pokemon,12,views,18000,
Childhood Pokémon drawings,r/pokemon,22,views,23000,
Childhood Pokémon drawings,r/pokemon,24,views,25000,
Childhood Pokémon drawings,r/pokemon,48,views,31000,about 2 days
Mini Pekka sketch,r/NepalSocial,0.43,comments,15,
Mini Pekka sketch,r/NepalSocial,1.95,comments,21,
Mini Pekka sketch,r/NepalSocial,11,comments,31,
Mini Pekka sketch,r/NepalSocial,23,comments,34,
Mini Pekka sketch,r/NepalSocial,0.43,upvotes,8,
Mini Pekka sketch,r/NepalSocial,1.95,upvotes,31,
Mini Pekka sketch,r/NepalSocial,11,upvotes,56,
Mini Pekka sketch,r/NepalSocial,23,upvotes,64,
Mini Pekka sketch,r/NepalSocial,0.43,views,401,
Mini Pekka sketch,r/NepalSocial,1.95,views,1200,
Mini Pekka sketch,r/NepalSocial,11,views,2300,
Mini Pekka sketch,r/NepalSocial,23,views,2700,
Dexter sketch (Jan 16),r/Dexter,0.85,comments,18,
Dexter sketch (Jan 16),r/Dexter,0.93,comments,20,
Dexter sketch (Jan 16),r/Dexter,2.75,comments,49,
Dexter sketch (Jan 16),r/Dexter,15,comments,110,
Dexter sketch (Jan 16),r/Dexter,23,comments,115,
Dexter sketch (Jan 16),r/Dexter,0.85,upvotes,11,
Dexter sketch (Jan 16),r/Dexter,0.93,upvotes,10,
Dexter sketch (Jan 16),r/Dexter,2.75,upvotes,48,
Dexter sketch (Jan 16),r/Dexter,15,upvotes,165,
Dexter sketch (Jan 16),r/Dexter,23,upvotes,194,
Dexter sketch (Jan 16),r/Dexter,0.85,views,1900,
Dexter sketch (Jan 16),r/Dexter,0.93,views,2100,
Dexter sketch (Jan 16),r/Dexter,15,views,19000,
Dexter sketch (Jan 16),r/Dexter,23,views,21000,
Angel Batista sketch,r/Dexter,0.18,comments,9,
Angel Batista sketch,r/Dexter,0.27,comments,10,
Angel Batista sketch,r/Dexter,1.75,comments,15,
Angel Batista sketch,r/Dexter,18,comments,38,
Angel Batista sketch,r/Dexter,23.6,comments,46,
Angel Batista sketch,r/Dexter,47.1,comments,55,
Angel Batista sketch,r/Dexter,71.8,comments,56,
Angel Batista sketch,r/Dexter,0.18,upvotes,16,
Angel Batista sketch,r/Dexter,0.27,upvotes,21,
Angel Batista sketch,r/Dexter,1.75,upvotes,129,
Angel Batista sketch,r/Dexter,18,upvotes,525,
Angel Batista sketch,r/Dexter,23.6,upvotes,608,
Angel Batista sketch,r/Dexter,47.1,upvotes,831,
Angel Batista sketch,r/Dexter,71.8,upvotes,872,
Angel Batista sketch,r/Dexter,97.5,upvotes,902,
Angel Batista sketch,r/Dexter,120,upvotes,912,"day 5: time not recorded, drawn at 120 h"
Angel Batista sketch,r/Dexter,0.18,views,735,
Angel Batista sketch,r/Dexter,0.27,views,1100,
Angel Batista sketch,r/Dexter,1.75,views,5900,
Angel Batista sketch,r/Dexter,18,views,21000,
Angel Batista sketch,r/Dexter,23.6,views,24000,
Angel Batista sketch,r/Dexter,47.1,views,31000,
Angel Batista sketch,r/Dexter,71.8,views,33000,
Angel Batista sketch,r/Dexter,120,views,34000,"day 5: time not recorded, drawn at 120 h"
Technoblade drawings,r/Minecraft,0.68,comments,3,
Technoblade drawings,r/Minecraft,1.42,comments,7,
Technoblade drawings,r/Minecraft,24,comments,20,
Technoblade drawings,r/Minecraft,0.68,upvotes,61,
Technoblade drawings,r/Minecraft,1.42,upvotes,97,
Technoblade drawings,r/Minecraft,24,upvotes,210,
Technoblade drawings,r/Minecraft,0.68,views,2800,
Technoblade drawings,r/Minecraft,24,views,11000,
Clash Royale audio meme,r/ClashRoyale,0.133,comments,1,
Clash Royale audio meme,r/ClashRoyale,0.233,comments,3,
Clash Royale audio meme,r/ClashRoyale,0.367,comments,5,
Clash Royale audio meme,r/ClashRoyale,0.4,comments,6,
Clash Royale audio meme,r/ClashRoyale,0.983,comments,9,
Clash Royale audio meme,r/ClashRoyale,1.25,comments,13,
Clash Royale audio meme,r/ClashRoyale,1.4,comments,14,
Clash Royale audio meme,r/ClashRoyale,1.683,comments,16,
Clash Royale audio meme,r/ClashRoyale,1.817,comments,18,
Clash Royale audio meme,r/ClashRoyale,2.15,comments,23,
Clash Royale audio meme,r/ClashRoyale,2.567,comments,25,
Clash Royale audio meme,r/ClashRoyale,3.067,comments,27,
Clash Royale audio meme,r/ClashRoyale,5,comments,35,
Clash Royale audio meme,r/ClashRoyale,18,comments,46,
Clash Royale audio meme,r/ClashRoyale,28,comments,48,
Clash Royale audio meme,r/ClashRoyale,0.117,upvotes,4,
Clash Royale audio meme,r/ClashRoyale,0.133,upvotes,5,
Clash Royale audio meme,r/ClashRoyale,0.233,upvotes,6,
Clash Royale audio meme,r/ClashRoyale,0.267,upvotes,7,
Clash Royale audio meme,r/ClashRoyale,0.367,upvotes,8,
Clash Royale audio meme,r/ClashRoyale,0.4,upvotes,9,
Clash Royale audio meme,r/ClashRoyale,0.45,upvotes,8,
Clash Royale audio meme,r/ClashRoyale,0.983,upvotes,17,
Clash Royale audio meme,r/ClashRoyale,1,upvotes,19,
Clash Royale audio meme,r/ClashRoyale,1.25,upvotes,20,
Clash Royale audio meme,r/ClashRoyale,1.533,upvotes,21,
Clash Royale audio meme,r/ClashRoyale,1.817,upvotes,25,
Clash Royale audio meme,r/ClashRoyale,2.15,upvotes,27,
Clash Royale audio meme,r/ClashRoyale,2.383,upvotes,29,
Clash Royale audio meme,r/ClashRoyale,2.567,upvotes,32,
Clash Royale audio meme,r/ClashRoyale,3.067,upvotes,38,
Clash Royale audio meme,r/ClashRoyale,5,upvotes,71,
Clash Royale audio meme,r/ClashRoyale,18,upvotes,170,
Clash Royale audio meme,r/ClashRoyale,28,upvotes,187,
Clash Royale audio meme,r/ClashRoyale,0.067,views,156,
Clash Royale audio meme,r/ClashRoyale,0.083,views,237,
Clash Royale audio meme,r/ClashRoyale,0.1,views,291,
Clash Royale audio meme,r/ClashRoyale,0.117,views,343,
Clash Royale audio meme,r/ClashRoyale,0.133,views,392,
Clash Royale audio meme,r/ClashRoyale,0.183,views,510,
Clash Royale audio meme,r/ClashRoyale,0.233,views,665,
Clash Royale audio meme,r/ClashRoyale,0.267,views,807,
Clash Royale audio meme,r/ClashRoyale,0.333,views,1000,
Clash Royale audio meme,r/ClashRoyale,0.367,views,1200,
Clash Royale audio meme,r/ClashRoyale,0.4,views,1500,
Clash Royale audio meme,r/ClashRoyale,0.433,views,1600,
Clash Royale audio meme,r/ClashRoyale,0.45,views,1700,
Clash Royale audio meme,r/ClashRoyale,0.5,views,2000,
Clash Royale audio meme,r/ClashRoyale,0.533,views,2100,
Clash Royale audio meme,r/ClashRoyale,0.983,views,3900,
Clash Royale audio meme,r/ClashRoyale,1,views,4200,
Clash Royale audio meme,r/ClashRoyale,1.25,views,4600,
Clash Royale audio meme,r/ClashRoyale,1.4,views,4900,
Clash Royale audio meme,r/ClashRoyale,1.533,views,5000,
Clash Royale audio meme,r/ClashRoyale,1.683,views,5200,
Clash Royale audio meme,r/ClashRoyale,1.817,views,5500,
Clash Royale audio meme,r/ClashRoyale,2.15,views,6000,
Clash Royale audio meme,r/ClashRoyale,2.383,views,6500,
Clash Royale audio meme,r/ClashRoyale,2.567,views,7000,
Clash Royale audio meme,r/ClashRoyale,3.067,views,8000,
Clash Royale audio meme,r/ClashRoyale,5,views,12400,
Clash Royale audio meme,r/ClashRoyale,18,views,24800,
Clash Royale audio meme,r/ClashRoyale,28,views,27100,
Willem Dafoe sketch,r/learntodraw,3,comments,28,
Willem Dafoe sketch,r/learntodraw,13,comments,45,
Willem Dafoe sketch,r/learntodraw,24,comments,49,
Willem Dafoe sketch,r/learntodraw,48,comments,49,about 2 days
Willem Dafoe sketch,r/learntodraw,1,upvotes,20,
Willem Dafoe sketch,r/learntodraw,3,upvotes,60,
Willem Dafoe sketch,r/learntodraw,13,upvotes,116,
Willem Dafoe sketch,r/learntodraw,24,upvotes,133,
Willem Dafoe sketch,r/learntodraw,48,upvotes,142,about 2 days
Willem Dafoe sketch,r/learntodraw,3,views,11000,
Willem Dafoe sketch,r/learntodraw,13,views,25000,
Willem Dafoe sketch,r/learntodraw,24,views,30000,
Willem Dafoe sketch,r/learntodraw,48,views,32000,about 2 days
Willem Dafoe sketch,r/sketches,3,comments,49,
Willem Dafoe sketch,r/sketches,13,comments,85,
Willem Dafoe sketch,r/sketches,24,comments,99,
Willem Dafoe sketch,r/sketches,48,comments,105,about 2 days
Willem Dafoe sketch,r/sketches,2,upvotes,30,
Willem Dafoe sketch,r/sketches,3,upvotes,80,
Willem Dafoe sketch,r/sketches,13,upvotes,186,
Willem Dafoe sketch,r/sketches,24,upvotes,213,
Willem Dafoe sketch,r/sketches,48,upvotes,222,about 2 days
Willem Dafoe sketch,r/sketches,3,views,10000,
Willem Dafoe sketch,r/sketches,13,views,28000,
Willem Dafoe sketch,r/sketches,24,views,33000,
Willem Dafoe sketch,r/sketches,48,views,36000,about 2 days
Willem Dafoe sketch,r/Sketch,13,comments,21,
Willem Dafoe sketch,r/Sketch,24,comments,33,
Willem Dafoe sketch,r/Sketch,48,comments,40,about 2 days
Willem Dafoe sketch,r/Sketch,3,upvotes,17,
Willem Dafoe sketch,r/Sketch,13,upvotes,62,
Willem Dafoe sketch,r/Sketch,24,upvotes,82,
Willem Dafoe sketch,r/Sketch,48,upvotes,104,about 2 days
Willem Dafoe sketch,r/Sketch,3,views,3400,
Willem Dafoe sketch,r/Sketch,13,views,11000,
Willem Dafoe sketch,r/Sketch,24,views,14000,
Willem Dafoe sketch,r/Sketch,48,views,16000,about 2 days
Brian Moser sketch,r/Dexter,0.63,comments,10,
Brian Moser sketch,r/Dexter,23.5,comments,17,
Brian Moser sketch,r/Dexter,0.63,upvotes,26,
Brian Moser sketch,r/Dexter,23.5,upvotes,99,
Brian Moser sketch,r/Dexter,0.63,views,1300,
Brian Moser sketch,r/Dexter,23.5,views,6400,
Dexter sketch (Jan 15),r/Dexter,0.2,comments,2,
Dexter sketch (Jan 15),r/Dexter,0.4,comments,11,
Dexter sketch (Jan 15),r/Dexter,0.93,comments,14,
Dexter sketch (Jan 15),r/Dexter,3.35,comments,22,
Dexter sketch (Jan 15),r/Dexter,16,comments,33,
Dexter sketch (Jan 15),r/Dexter,0.2,upvotes,9,
Dexter sketch (Jan 15),r/Dexter,0.4,upvotes,12,
Dexter sketch (Jan 15),r/Dexter,0.93,upvotes,26,
Dexter sketch (Jan 15),r/Dexter,3.35,upvotes,39,
Dexter sketch (Jan 15),r/Dexter,16,upvotes,100,
Dexter sketch (Jan 15),r/Dexter,0.2,views,546,
Dexter sketch (Jan 15),r/Dexter,0.4,views,1000,
Dexter sketch (Jan 15),r/Dexter,0.93,views,2200,
Dexter sketch (Jan 15),r/Dexter,16,views,9500,
